WBC88XPE6LP,Colby,rutrum.non@aol.org,6723 EV
RDS11RXM7WY,Reuben,posuere.cubilia@google.com,8450
FNO15QZA3TB,Signe,nec.tempus@hotmail.couk,14719
HNM97NJH6NP,Lev,elit@hotmail.com,55-558
MIH77ICR6QP,Remedios,nibh.quisque.nonummy@icloud.com,11649
PHX40BFF3WO,Tashya,gravida.aliquam@aol.edu,IP0 7DG
TEE62QJX2SJ,Evelyn,arcu.morbi.sit@aol.net,165810
QSR32PYO8NY,Rinah,torquent.per@outlook.ca,50154
OFV53LRD4EP,Chandler,ullamcorper@hotmail.com,78377
KMW31DFX1GN,Myles,faucibus.morbi@outlook.org,4266
SPJ19FQR6VS,Noel,et.euismod.et@outlook.couk,12764
HEK58PFM6FU,Axel,magna@google.ca,21455
USW76OZP7QL,Kylan,vitae.nibh.donec@yahoo.net,869373
GXH70RJK1CG,Dane,velit@aol.org,JP9S 2XH
NJB82NEB7RA,Gray,elit.pellentesque@outlook.com,3854
ZWE77TFZ0YS,Kylan,luctus@hotmail.ca,8063 MB
ZYN83IXE7SE,Colby,eu.tellus@icloud.edu,4851
REE42DOU9US,Asher,lorem.vitae@aol.edu,371626
UVC24MWF6EX,Jarrod,nullam@aol.org,78156
GEI31UVJ4YR,Keely,libero.lacus@protonmail.ca,4761
CYE67FYH5IM,Imelda,mauris@hotmail.couk,2684
LGN63JWJ6PW,Richard,sapien@yahoo.edu,4372
XRM84KLW4GC,Chase,dolor.fusce.feugiat@icloud.org,1001
JKL47LMJ9TK,Rhoda,molestie.tortor@hotmail.com,8282
WNL51FGY4YL,Fletcher,nunc@outlook.com,452506
YKU10XAL8DT,Amaya,sapien.cursus@google.net,41032
OGT76NCK7LD,Amity,mi.pede@protonmail.net,455513
MUK86OQQ1YJ,Mia,aliquam.nisl.nulla@aol.org,71770
YOC65URQ6BD,Shaine,enim@hotmail.net,3418
LGF12DCE4WF,Ray,tellus.faucibus@icloud.net,686404
EVG07RCP3FO,Branden,mauris@icloud.couk,2524
GDS18BKD6KV,Quinlan,purus.in.molestie@hotmail.net,5122
BCU60NCY4PO,Burton,velit.egestas.lacinia@google.org,18669
SFG40HPN8EF,Gannon,mauris.eu@icloud.couk,75388
VQN62BRJ2OP,Ezekiel,integer.tincidunt@outlook.couk,717046
XWE43DCF7JE,Hasad,mi@aol.ca,2818
JNL84SXF6DS,Cameron,volutpat@aol.ca,CQ5I 9XQ
KDS98KUM7KI,Dara,ac@aol.couk,83147
TBO76XNV0KX,Germaine,rutrum.lorem.ac@aol.couk,27252-239
JTK92CLT5JD,Seth,sed@aol.edu,4986
DRP07OHP4VO,Kenyon,proin.eget@outlook.edu,0835-2436
THF81MGL2BX,Samuel,amet.luctus.vulputate@outlook.net,35757
EUG46GCL5GK,Phoebe,sem.consequat@protonmail.org,D5H 1XA
MOA55AEY6VN,Hamish,at.libero.morbi@icloud.com,79407-17331
LYP01GVP7DK,Dominic,velit.eget.laoreet@outlook.edu,53623
VBN36NYV5DI,Lawrence,tincidunt.dui@protonmail.com,52703
NMW07NQY4XF,Lewis,et.pede@protonmail.net,2599
JQK64EQR6XI,Bradley,quisque.ornare.tortor@protonmail.net,398846
LJY59IBA7DS,Lane,luctus.et@aol.org,215968
FYS11NNE7TO,Ishmael,dapibus.quam@icloud.org,58-81
BGM97CXZ6FI,Mohammad,eget@protonmail.edu,68058-225
MEU79SIQ3OW,Beverly,rhoncus@icloud.org,67714
NPE58PDQ1DL,Sydney,amet.dapibus.id@hotmail.net,987545
YRX63SJH0UV,Cally,leo.cras@icloud.net,3284
BNM19QTM3VJ,Kessie,duis.risus@icloud.couk,19693-77204
EKP76RIK1JQ,Zachary,quam.quis@icloud.ca,7233
LXC46DJE2PC,Aphrodite,pede.nec.ante@icloud.couk,4687
UHH60MPS2DB,Mikayla,faucibus@hotmail.org,14573
YUG63SJG8DY,Kai,cursus@protonmail.org,86610
PGT76RLE3VT,Kyle,sit.amet@hotmail.couk,5414
MLK39XOE4JE,Shaine,pede.ultrices@hotmail.ca,43378
KBS45ZXM3KL,Iris,sed.nulla@outlook.com,12114
GFJ75RAY5VA,Vera,pellentesque@hotmail.couk,666644
HMB62NHH9RY,Benjamin,auctor.quis@outlook.ca,29131
GSU78NVE1YJ,Maggie,libero.nec@outlook.edu,5883
IPK24MUG2SE,Raja,aliquam.eu@yahoo.couk,3762
LPO59DGJ8JP,Bruno,bibendum.sed@protonmail.couk,8269
WZC25WBD8MG,Ivory,scelerisque.neque@aol.ca,580577
WMG13UZA7HY,Callie,et.risus.quisque@google.org,5303
VYS54DBW6WD,Ciaran,risus.donec@protonmail.ca,13694
IOX08SBY4JD,Wayne,quis.arcu.vel@protonmail.org,35219
GHG12IPQ7HT,Asher,adipiscing.elit@aol.ca,7276
YHE66UAN6NQ,Ryder,sed@google.com,2655
OPP33KXR2HC,Chaim,nonummy.ipsum@google.com,831
CRC60HXD7CY,Xander,a.purus.duis@aol.com,866434
CUO85DTR3CL,Indigo,penatibus.et@google.org,55-25
NBY53JGC2FW,Leandra,et@aol.couk,4343
NXQ27QTM8VU,Phoebe,lacus.cras.interdum@outlook.edu,46833
JBL06BUL3QY,Hyatt,fringilla.porttitor.vulputate@protonmail.org,234874
FQC31HWA0HH,Carson,fusce.aliquet.magna@outlook.edu,r2H 8N4
BFF58SGV8XA,Nolan,montes@protonmail.edu,24253
BMN82DNZ7VY,Yolanda,at@yahoo.couk,380830
LQP51YEY3SX,Reese,in.consectetuer.ipsum@aol.ca,36146
PYV98YDB8CK,Martin,vulputate.ullamcorper.magna@icloud.couk,82578
HYN72GDQ2IM,Tad,cras@protonmail.org,374448
COQ21XGK2MS,Natalie,in.consequat@protonmail.edu,48217
SVO08SOF1CO,Vielka,amet.ornare@icloud.com,85-562
BSH98BMK4RC,Shay,nulla.eget@outlook.com,714342
PTJ40OVI2CI,Charity,nulla.semper@protonmail.edu,IE15 5XV
XUH78KJE5EZ,Castor,tortor@outlook.org,22478
VRY42GBF6VQ,Astra,tempus.risus@protonmail.couk,21822
OXI63DFN3LD,Amal,sodales.nisi.magna@outlook.couk,52355
IVH51PLZ3YU,Joel,tellus.non@google.edu,42535-354
OFS77LKY6TC,Nash,leo@yahoo.com,33777-26075
SSH18CJN8TE,Chaney,adipiscing@google.net,30414
VNT02TBB6TC,Barrett,dui@protonmail.ca,5224
XFF28IMZ6TB,Ariana,pretium@hotmail.org,89113-339
QEJ17SNK8EX,Vivien,et.magnis@outlook.edu,15618
OCC84YCI1YC,Isabelle,nulla.ante@yahoo.couk,30114
YXF44CER8EP,Erin,aliquam.auctor@protonmail.ca,9295 HJ
OUY04EQK7KM,Rahim,magna.a@aol.com,A5P 4K7
WOK95HMY5TL,Noble,diam@yahoo.org,394969
SUV38ICP7VX,Brenden,dui.lectus@icloud.net,2930
PHV68SKT4CV,Murphy,sit.amet@yahoo.com,714435
XHX82MCN2PJ,Xantha,ligula@icloud.net,15847
FVS18OML5OO,Macy,mattis.integer@protonmail.edu,273465
PVB33JLZ6KR,Phoebe,blandit@icloud.com,31837
RXQ51FLW8ZI,Joy,nec.tempus@google.ca,58280-088
PXF70FJB8EE,Dolan,imperdiet.non@aol.org,364584
HPJ41JKB0UV,Igor,nunc@google.net,75K 6N2
QZJ46JEB2VI,Akeem,proin.velit.sed@hotmail.ca,368243
MEX78GKP4LP,Katelyn,nibh.quisque.nonummy@outlook.couk,937515
FBZ06IFC4IL,Michael,odio.vel.est@google.edu,60638
JYH10PNU1CU,Timon,ligula.aenean@hotmail.com,52-66
ENI53KRH5YU,Megan,faucibus.lectus@google.org,7418
ULN22HBE3FW,Marah,et.arcu@google.couk,119726
GRT08CLG1QS,Hedley,cum.sociis.natoque@google.org,56693
UOW57RJY5DV,Lucas,dui.quis@google.ca,34912
RIH66XQT8LF,Aline,ut.sagittis@hotmail.couk,82490
DGT52GDU7VJ,Mikayla,magna.suspendisse@protonmail.net,113909
RUI72NTX8GI,Howard,tristique.neque@hotmail.net,MY8T 1PY
JNX41YSP6SE,Hedy,sed.et@outlook.com,685686
YYC46MJW7TJ,Shoshana,tristique.ac@aol.edu,3666
ZBB61YMY2CI,Jeremy,erat.in.consectetuer@yahoo.org,3687
WXW12WGF3KG,Damon,cursus.integer@google.net,4042-2833
EYT68EFJ8QF,Montana,auctor.vitae@icloud.ca,DW5 5CH
FSK83HGE6FQ,Fallon,mi.pede.nonummy@icloud.ca,9323
UHU55ONY8RP,Kirby,quisque.purus@icloud.com,3441
GOZ00RBT5UN,Nicole,curae.donec.tincidunt@hotmail.net,12737
DHF59NEM3EN,Felicia,volutpat.nulla@outlook.edu,22263
CST55YJD7BC,Cheyenne,est.ac.mattis@google.org,9254
KSG75JJB2PM,Stuart,vulputate.posuere@hotmail.edu,K7K 2E3
VJO54QSF9UC,Chava,tempus.eu.ligula@yahoo.couk,40701
DPP81DXO1GT,Garth,vulputate.risus@outlook.ca,1532
NQK66EHG8RN,Alvin,arcu.sed@google.net,8134
JLT55HSW4KD,Allen,a@yahoo.ca,4251 LL
SRX41DOG1RR,Matthew,velit.eu@yahoo.couk,322141
OFW05CKL6RR,Dennis,amet.ultricies.sem@icloud.net,4262
EOW84AOG6TP,Nissim,mauris.ut@icloud.ca,6798-7522
SMW55VAB5YJ,Shay,feugiat@hotmail.couk,336764
SHV35KGG4QJ,Jeanette,commodo.auctor@protonmail.couk,6526
XWI71YYZ1SM,Oleg,in.ornare@outlook.org,44060
QIW88DWJ0JH,Dorian,gravida.praesent@hotmail.com,8480
MPZ56YUS8VT,Kyle,in@yahoo.org,8889
MXD85VWJ4MH,Xaviera,facilisis.suspendisse.commodo@outlook.ca,26111
RAE87JNL6ME,Graiden,quisque.tincidunt.pede@aol.net,4081
EJM28VGT4YF,Mira,vulputate.ullamcorper.magna@protonmail.ca,51215
QLO57PGH8ST,Branden,augue.scelerisque@aol.edu,56856
UVJ53RKH3KY,Owen,integer@icloud.couk,62B 1J1
RED33RHG8NQ,Malik,nisl.quisque@yahoo.couk,52775
WSM31TUE4LD,Fallon,sapien.molestie@yahoo.ca,40915
QNH83KNE7FO,Xyla,egestas.urna@protonmail.couk,112648
WFN36ERH1RQ,Fay,metus.sit@icloud.edu,16-210
SHW08GTB5KM,Drake,nunc.commodo@outlook.ca,53289
BOD72FVP3IL,Dahlia,metus.in@outlook.org,70577
UQC25VWS7NM,Iliana,varius.orci@outlook.edu,42827
BDU25CFX7NX,Germane,nunc.commodo@yahoo.edu,183804
NKQ68THI5AT,Philip,facilisi@icloud.org,8267
EHW78HNG0ZO,Marny,enim.sed@protonmail.couk,Y8T 4W7
MVX15WTG2EV,Jacob,mauris.a.nunc@icloud.couk,6788
DGC28RVI7SR,Alexa,interdum@google.org,7536
ABN85LYT7NB,Keith,felis.purus.ac@aol.org,5029
TDP86BVB2BM,Yetta,ullamcorper.viverra@hotmail.com,3838
CHR18YCC7KL,Isabella,libero.et.tristique@icloud.edu,66417
FIG87EBM3DG,Melanie,etiam.laoreet@outlook.com,21593
GFF43RCF3UL,Deborah,eleifend.egestas@hotmail.edu,12573
LPZ66HKU7BQ,Cailin,urna@google.org,8321
DJQ86BYX3FC,Hyacinth,augue.scelerisque@icloud.ca,90813
XJZ07OMZ2TT,Perry,bibendum.sed.est@google.net,236320
GEK16TXT4KY,Giacomo,nisl.nulla@hotmail.com,42565
RJR61FTS9GD,Edward,praesent.eu.nulla@icloud.org,1787
LSB31VQQ9ID,Lucius,ipsum.sodales@protonmail.couk,888919
UOK33WGD6IS,Marcia,luctus.vulputate@outlook.net,5354
DEC67MDS2HM,Anne,eleifend.cras@protonmail.edu,776277
VVI06DQB2BH,Blossom,sed.leo@hotmail.couk,55007
DTM67TUH5EO,Zena,viverra.maecenas@yahoo.ca,S1R 2G6
NWD85NHY2LC,Rina,facilisi@outlook.org,718553
JGT36BWV4OG,Selma,natoque@hotmail.net,CC3 5OH
INL03QWL8ER,Ignacia,ut@yahoo.couk,830514
ZGU57OER9IP,Astra,lectus.justo@yahoo.org,116090
ELF26OAG5TE,Tarik,nec@outlook.couk,242325
NNB29ZQT5XC,Ulysses,ultrices.posuere@yahoo.ca,9338-7163
KHY65LII2FJ,Veronica,justo.sit.amet@yahoo.ca,731736
SNK02ZSI6HQ,Alisa,quisque.libero@outlook.ca,7732-2504
KKJ42HZB5IP,Alden,dictum.magna@aol.com,8267-3488
RWX83NGS5ZS,Lester,libero.integer@protonmail.net,40511
QTS97BAD3EQ,Lisandra,nam.tempor.diam@aol.couk,65663-349
WRI15UEQ2BR,Wang,duis@aol.couk,471833
JAL29XWQ4IX,Nathan,donec.egestas.aliquam@google.org,944485
SLS42IHM8JQ,Hasad,aliquet.vel@outlook.net,67-73
XCK15IFE7EB,Joelle,proin.eget@protonmail.couk,4120 EH
NIB71KYX2XO,Joelle,vel.faucibus@hotmail.edu,1254 JJ
HHR66FIY0XD,Marcia,posuere.enim@yahoo.edu,39-523
KPE46OMF0SX,Eleanor,dui.nec@yahoo.ca,90847
CJS67LMW6PP,Judah,quisque.imperdiet@aol.couk,25787
LEI25WQG8VQ,Hadley,vitae.sodales@protonmail.net,686103
HPX08IYQ5DJ,Linus,quis.diam.luctus@hotmail.edu,7271
FIP31OYQ1XX,Russell,nulla.integer.vulputate@protonmail.com,8982
XJH55RLE5PG,Roanna,gravida.molestie.arcu@protonmail.edu,63388-51180
XYD53USF5XG,Philip,a.sollicitudin@yahoo.couk,13525-648
IYH85ROH1GU,Edward,eget@aol.ca,83116-624
CYP56BUN7BM,Francesca,suspendisse@aol.net,68-66
HDV80IQO1OR,Kyla,eu@icloud.ca,4455
XDL90SWE8FY,Bell,sit.amet@icloud.couk,33229
AWT41LEC0BS,Tiger,non.luctus.sit@icloud.couk,33-52
HSP29POI7NO,Reece,mi.enim@icloud.ca,184747
ORL35KPJ3CR,Wyoming,ultrices.duis.volutpat@protonmail.edu,62429
PQP58CXU3WR,Duncan,orci@hotmail.net,44749
JGF66LEM6IO,Patience,pretium.aliquet.metus@protonmail.net,584127
JJO13KTR1JO,Judah,nascetur.ridiculus@aol.net,796515
SGQ55CER3BP,Keith,quam.quis@yahoo.org,60212
CNI48SHW4NZ,Destiny,felis.nulla@hotmail.net,9561
FBO56BTJ8UX,Charles,a.purus@icloud.ca,41755
JKV10RPW5TX,Hope,vitae.aliquam@icloud.net,3889
FVV73SUZ6PO,Helen,velit.egestas@protonmail.edu,6224-5768
KWO01NHR4ON,Veda,nec@protonmail.edu,20902
QPH17UOS5NE,Madaline,vitae.orci@google.ca,32456
UKM42YRP4UC,Venus,mollis.duis@google.net,71963
FTN78OVY8GS,Eliana,gravida.aliquam.tincidunt@hotmail.net,70114
LWO13SRP1GI,Ariel,ornare.lectus@google.com,35314
YJQ43FQI0DE,Chaim,auctor.non@icloud.org,18653
JXY03ULP1XB,Quin,etiam.gravida@protonmail.couk,554979
ESJ15KAQ3WN,Leigh,felis.purus@google.net,2177
ITA82PWH0UV,Yasir,diam@icloud.org,322455
BIY41MSJ1MV,Troy,aliquet.diam.sed@protonmail.ca,337980
BMI45KOS5WL,Geoffrey,at.libero.morbi@protonmail.org,415219
MPW12ORY2PL,Peter,libero.proin@hotmail.net,55-42
ERZ42EJP7FU,Dara,augue.ac@aol.ca,38562
XTN71SWX2UZ,Melanie,nunc@icloud.ca,916784
BRP22YXF5JH,Brynne,mus.proin@aol.org,86-97
BKI23XMZ8RP,Simon,scelerisque.neque@hotmail.ca,1536-8398
ATG51WEB6MP,Eliana,diam.pellentesque@protonmail.couk,183885
AMR09FTW5LH,Roth,magna@outlook.edu,733624
DHW68EXI8YF,Rajah,blandit.viverra@google.edu,28467
WJE83GKQ9GC,Hakeem,nunc.est.mollis@protonmail.com,6814
UWS08GFS5CK,Cadman,accumsan.interdum@outlook.couk,72141
LQV62FOS5IV,Yoko,duis.cursus@outlook.ca,7943
NCF63FNG5IM,Kellie,eleifend.egestas@google.org,618765
HKU76ORV7DP,Catherine,vestibulum.mauris@yahoo.com,328174
OWV64RNC2AJ,Keegan,at.fringilla@yahoo.ca,67780
MMB75EGX8WF,Brent,enim@yahoo.net,91372-306
SDH16LXW4XZ,Charles,ultricies.sem@outlook.com,4289
BGG24JSN4EX,Stacey,metus.in.nec@yahoo.com,97842-69372
UPO42SLO5EG,Tasha,ultricies.adipiscing@aol.org,55674
MCR82IZE8OT,Burton,molestie@outlook.couk,51003
KPE61ENY8BV,Adria,duis.cursus@protonmail.net,51-88
HTE46CKJ5PN,Belle,sed.dolor@protonmail.couk,7913
KVR58MPD4DE,Regina,massa.vestibulum@yahoo.org,58241
JAU28GYH0DS,Latifah,nam.interdum.enim@icloud.net,262448
ZYB85IGY2DL,Griffin,sed.neque.sed@icloud.org,904485
SMB13WTN3QZ,Stacey,vestibulum@icloud.com,B6K 7W9
JEB38FMU5BX,Robert,commodo.auctor.velit@google.edu,15908
ZCJ63XOU9XQ,Liberty,cras.interdum@yahoo.couk,764865
DBQ71BGU5XF,Malcolm,sed.libero@protonmail.org,97856
TOY58JRR8MI,Acton,a.feugiat.tellus@protonmail.org,9646
EJC25CGE0UX,Murphy,integer.sem@icloud.com,44714
PAV25RPO3SK,Michael,magna@outlook.net,879734
AZJ81AFX7PB,Ali,in.tempus@outlook.couk,51919
ARK20QXD3GP,Noelani,convallis.in@aol.couk,17264
JSM57KWQ6OO,Aiko,nulla.tincidunt.neque@yahoo.org,733626
DGF35QBM8RZ,Stuart,eleifend.nec.malesuada@hotmail.edu,7559
PGS25GRY8FH,Freya,erat.in@outlook.net,54373
APK92RVT6LZ,Karen,nunc@hotmail.net,225471
UHV14FBR0BI,Kai,velit.pellentesque.ultricies@icloud.org,7762-7281
YYO06IKI8RB,Regina,lacus@aol.ca,85033
XFP77FBW4DK,Lacy,molestie.in@icloud.com,36514
PQV62JLB7OC,Lilah,ante@outlook.net,6004 GR
ZSA67QQF0FW,Keith,luctus.curabitur@protonmail.org,687712
DCR78MMY5KH,Abraham,eu.sem@google.com,Z1 4AP
KYQ26OZF9SX,Palmer,eleifend.nec.malesuada@hotmail.net,350873
CFU32JOJ3RN,Doris,tellus@google.org,591382
MDC87IQY2EX,Preston,pede.ultrices@protonmail.org,503181
OFD16QNA3AY,Vernon,phasellus.dolor.elit@google.couk,975653
RIO45GXM2DS,Eagan,arcu.eu@yahoo.couk,2386
CVJ42DMD1NF,Alan,nibh.donec@outlook.ca,41714
IST74KOM6DV,Denton,suspendisse.tristique@yahoo.com,428765
KJP92JDS7EN,Aaron,tellus.aenean.egestas@hotmail.edu,3616
CXP72NJD1IR,Jared,facilisis@icloud.edu,7105
MWQ12LCJ9BD,Leo,nisi@outlook.com,6074
UTD81OPP6CH,Leigh,enim.mauris@google.ca,27167
GBO84HTO3QV,Igor,massa.mauris@aol.couk,3318
TMA73JJE7BO,Madonna,aenean.gravida@google.ca,9030
RCI37FME2WG,Sylvester,purus.duis.elementum@icloud.org,24232
GUG81PLH1PB,Danielle,velit.quisque@yahoo.org,39736
RIK79GVA5GC,Lester,dapibus.quam.quis@outlook.ca,8541
HGB23AHL2OQ,Benjamin,a.neque@icloud.com,5222
YFG82QYJ8XB,Claudia,facilisis.vitae@protonmail.org,1582 HX
WGN72RXP3BX,Colin,ante@google.edu,42772-675
XWJ13QAE5QX,Libby,consectetuer@yahoo.edu,2835 YE
SDV65ISU4VR,Dylan,aliquam.tincidunt.nunc@protonmail.org,5115
WNK55FCM5GO,Drake,hendrerit.donec@yahoo.couk,0295 BB
FQP37WWK5DS,Adena,sollicitudin@aol.couk,3747
OPO38IYQ0TL,Frances,congue.elit@hotmail.ca,253244
VTI51GGM8UT,Phelan,consequat.nec.mollis@hotmail.couk,24469
TDB26SUX2DH,Zeph,dignissim.lacus@outlook.couk,2513
VHP17YVK0AE,Fulton,eros.nec.tellus@icloud.couk,73116
BZC78SXL8MK,Troy,magna.nam@protonmail.ca,NO1N 1LX
XLQ32SJD4WW,Gabriel,est.nunc@yahoo.couk,O11 3EC
PZP45TEF8SG,Maryam,phasellus@outlook.ca,809352
DBM14KTE7LW,Deanna,eu.eleifend@protonmail.couk,718752
XUT68HNF7NF,Tanner,arcu@protonmail.couk,7144
QQB31NIL9GU,Palmer,arcu.eu@yahoo.com,184247
DMM12VWD1KI,Carson,neque.et.nunc@yahoo.couk,8745
DRA59YUN6DJ,Nora,interdum.enim@icloud.couk,420100
HHR61DVY6MD,Zia,dolor@google.com,57068
IDY32KRY6QV,Judah,eu.lacus@google.org,5768 JV
CES30FWU5JQ,Xaviera,phasellus.vitae@google.org,604556
MHO93VQO4WK,Leslie,mattis.semper@hotmail.couk,4335
ALL74WTR4EH,Mona,nulla@icloud.net,463483
WGA64EON4CE,Jade,litora.torquent@hotmail.edu,20407
UBN74AOP8TE,Quail,ut.nulla@yahoo.edu,36295
MCR32GSU7DG,Porter,metus.aenean@aol.net,15010
NEQ96XOX8WJ,Clarke,tincidunt.donec@aol.org,50203
QCC33QPV1QK,Ferdinand,ac.facilisis.facilisis@icloud.edu,4342
YST42XTV5NY,Quinn,cursus.nunc@yahoo.couk,1833
PIC11PSE5CL,Magee,fermentum.metus@aol.couk,13196
CBU18NKJ6XQ,Elvis,eu.nulla@outlook.ca,O8E 8B7
ONO08NZS7WI,Michelle,diam@yahoo.edu,0246 VY
KWA43ZCR4MI,Branden,elementum.purus.accumsan@google.net,NN40 3UQ
DMT54WNJ4TJ,Cassady,fermentum.arcu@protonmail.com,64346
JUD57HSB7EQ,Justine,dictum.phasellus@aol.ca,1265
NIH31XDB4RY,Reece,in.cursus@aol.ca,2718
PWJ15XWT7RG,Victoria,rutrum@google.net,6903
UTF74LPH1TD,Barry,sit.amet@icloud.couk,264
TQX13KQX5EU,Isaac,eleifend@hotmail.net,7216
XBT47EHY0UO,Marshall,elit@protonmail.net,862289
ZMI42ZJR8SC,Rama,ut@google.couk,8168-4638
LHN52QTW6HW,Zephania,commodo.hendrerit@google.net,41208
WKC39AAH7GG,Germaine,vehicula@yahoo.edu,776712
JLF80UFD2CL,Rylee,quisque.libero.lacus@icloud.org,8607
XDN21NPX4TK,Lucy,rutrum.fusce.dolor@outlook.net,7622 OY
YCS11RLC4HQ,Yasir,velit.pellentesque.ultricies@aol.couk,3832
MHF05CGN3EL,Sydney,sed.molestie.sed@icloud.couk,51296-304
SGX43XSS8JI,McKenzie,sed.nulla@google.ca,97268
VVX11PJU4GB,Heidi,est.vitae@google.edu,83924
YJD21FDL0YE,Keane,aliquet@hotmail.org,571873
DFV77VVY8NR,Kirk,senectus.et.netus@aol.ca,9553
AFF83PDE3MO,Ora,tortor.at@aol.net,385820
MRM11BGC6TX,Clio,ridiculus@hotmail.net,FV75 6FV
FTE08XSO0JF,Zephr,nunc.pulvinar.arcu@yahoo.edu,5466
EZT56PUU5EU,Rhona,fermentum.arcu@aol.couk,NR4 0US
PFI58FOP6EY,Kelsie,mi@hotmail.ca,7843
PRA59HHD3DD,Raven,mauris.eu.elit@aol.com,31854
DSN86LBP8TP,Olga,a.facilisis@protonmail.net,R5C 1J6
GTX16PPW4LB,Nichole,sapien.aenean.massa@aol.edu,71445
LCU00CDZ6DG,Keane,tempus.mauris.erat@outlook.edu,65363
NOC61VVD1TD,Indigo,hendrerit.donec.porttitor@google.ca,95955
RNM54PGQ4UN,Vivian,tincidunt@protonmail.couk,7782
OJI57WFQ8SG,Zachery,at@protonmail.org,68328
PXB21EOC4OP,Bertha,et.magnis@yahoo.ca,308196
OOL60SOP6FG,Cadman,turpis.vitae@protonmail.net,12381
EEC90OUF8OV,Madaline,nec.diam@protonmail.couk,7815-9446
XFD79OHW2ZY,Nissim,at.nisi@protonmail.net,5660
HTQ53OUS9QU,Erica,odio.semper.cursus@protonmail.edu,885637
LWV25BWK6HU,Brenda,mattis@yahoo.org,4309 GM
CPP34VCJ7MP,Cadman,rutrum.lorem@icloud.edu,27283
HPX65UQM1AT,Stacy,sem.magna.nec@icloud.couk,6760
TFM18HWP3SN,Lance,dictum.eleifend.nunc@yahoo.org,85653
QMS29GFK4FR,George,parturient.montes@hotmail.org,7945
KME19PRB9QM,Edan,pellentesque.habitant.morbi@google.ca,79921-19768
UWR69FMP7MT,Skyler,cras.eu@icloud.net,71326
ORN57CPB6YD,Rafael,at@yahoo.com,41188-81156
DEI22FBO1PW,Blossom,sapien.imperdiet@google.org,275884
LHE81NTI0HB,Wesley,dignissim.tempor@outlook.org,6636
YAY11NQG3XN,Chaim,curae@hotmail.ca,11103
PKY68SZX5RE,Kristen,nunc.mauris@icloud.org,37-092
MNS38GEC2TC,Gray,vulputate.posuere@yahoo.org,89242
ULJ66OLM1BB,Hedley,vitae.odio@protonmail.org,32145
WAE30UIO8NI,Lenore,mattis.velit@hotmail.net,38818713
VCO12MZD6KU,Harrison,porta.elit@protonmail.ca,30406
RCD08OCR0GN,Grady,a.feugiat.tellus@yahoo.ca,654567
HVO64KEM8YX,Roary,malesuada.fames.ac@google.com,61591
HWG44JNK0HL,Evangeline,ipsum@aol.com,B5 2MC
CBG55MXM4XG,Fredericka,laoreet.lectus@yahoo.net,1162 MM
JRR65MXO4ZI,Reese,quisque.ac@google.couk,56211
CTK40UDS4DF,Bradley,pellentesque.ut@icloud.edu,28224
CLF13JOR6GP,Maya,porta.elit@yahoo.com,8350
ETR05NKK3RM,Colette,auctor.odio@google.com,176506
KET94LBS2LV,Jordan,ut.ipsum@outlook.edu,64201-88686
MYE23YEE7KG,Jemima,eros.nam@yahoo.org,8823 LY
VRW89JCG5LV,Petra,eu.eleifend@hotmail.com,775821
IYF43VBY7AN,Vernon,sapien.molestie.orci@outlook.net,776112
BKF21VXI7IC,Jasper,nunc.ullamcorper.eu@hotmail.ca,47470
TWR81PKO3QI,Bevis,at.lacus@hotmail.ca,88248-081
FZL15KMC8FE,Patience,amet.metus@aol.ca,16-45
WJZ44VXH5PS,Ariana,orci.luctus.et@icloud.net,789270
OXR77XUE6ER,Aquila,ac.mattis@aol.couk,90869
EVR57RCA9FG,Jenna,dolor@aol.couk,A7V 4N3
HXG75YXE3KN,Lyle,sapien.aenean@yahoo.couk,402768
XLO28PKJ2IF,Channing,urna.nec@yahoo.org,669681
SHR23FKC9WM,Jack,ut.sem.nulla@outlook.net,9726-7864
QAS13HUQ9OJ,Nathaniel,fermentum.arcu@hotmail.ca,J6L 3T1
KXY26QHP3AX,Nomlanga,lorem.tristique.aliquet@hotmail.net,69016
FUH82UBI7IQ,Kylee,et.euismod.et@protonmail.ca,6692
EWT78GWB8KC,Nichole,consectetuer.rhoncus.nullam@google.edu,29354
ZXK74MDH4JL,Jakeem,etiam.imperdiet@aol.edu,630685
HLK84VEY8QQ,Caldwell,curabitur@icloud.com,194537
OHC68QDS8PR,Lucas,enim@icloud.ca,4688
HMH27IAB3MH,Kane,tempus@yahoo.com,6751
CVT16TCX1WM,Carol,inceptos.hymenaeos@outlook.ca,616787
GWE30KXQ4JD,Allen,in@protonmail.ca,50310
LOH12QOB3RU,Xyla,hendrerit.a@protonmail.couk,48587
HGA91TWW4MH,Mari,id.erat@protonmail.org,43932
UDX38PME4GX,Zane,pharetra.nam@protonmail.org,58168-722
QXS63UFM7NF,Lara,lacus@icloud.net,56241
BAG07SAA2OJ,Harlan,quis@google.com,7514
XIT15PES8MG,Cooper,commodo.at@aol.com,7867
CSO40OKC7EI,Avram,consequat@protonmail.net,73123
KGY86LIQ7DK,Judith,vitae@aol.net,3266
WMB48EVN1LN,Malcolm,dictum.phasellus@protonmail.ca,881353
QYT41GOD9KY,Shannon,adipiscing.non@yahoo.net,442622
QGP17NKV0QK,Savannah,auctor.velit@aol.ca,5110
VLP80FGL5HW,Lawrence,quisque.varius@protonmail.com,8836
UUN71VLT2KW,Herman,tincidunt.pede.ac@hotmail.net,3121
QBH88OIX8LC,Mikayla,vivamus.non@protonmail.couk,68430-557
XRC41HOF6IZ,Ocean,convallis@google.edu,83-267
MIE79FPO4RA,Reed,in.consectetuer@google.com,6245-4258
GUN54USL1LW,Alan,neque.sed.sem@aol.org,66585-87878
LYZ39WVE6EN,Abra,sociosqu.ad@outlook.edu,735008
HDN12NVM5VF,Jaquelyn,enim.etiam@yahoo.couk,557524
LPK42EIH8YZ,Sara,pharetra@yahoo.ca,B2T 7R5
JNX92IZT5BO,Stuart,et.netus.et@google.couk,0730-9385
TDW96XWQ7CS,Pascale,imperdiet.erat.nonummy@hotmail.couk,418343
YHH19RWL5ES,Rhona,etiam.laoreet@icloud.edu,97274
ROC81AZY7CA,MacKenzie,montes.nascetur@outlook.couk,6353-4454
SUL73EGM8JC,Bell,proin.sed@google.com,454369
VEF78MIP4VE,Connor,vestibulum.ut@yahoo.net,56563
YSW68NHU5CO,Ifeoma,faucibus@aol.com,3034 SR
QLI16RNK9HD,Ian,nisl@aol.couk,415876
NIW64NIT7DF,Norman,in@google.org,1508
LMX17UZD6PN,Quin,aliquet.metus@yahoo.net,70462
IHP87VQX4XM,Henry,integer@outlook.org,59998
FBY77KTM9GQ,Lyle,lectus.ante.dictum@icloud.edu,9205 IS
BDC72XYB1LR,Karleigh,felis.purus@outlook.com,7645
YNT16UXG8GV,Marvin,augue.malesuada@hotmail.net,13111
YWG58GEG4CE,Mariko,lobortis.augue@outlook.ca,88677
MDF76RWJ5YW,Eric,duis.a@outlook.edu,752646
WYL78OGG4TW,Kimberly,dui.cum@protonmail.edu,212035
WQT83DPE2PP,Quail,magna.et@hotmail.couk,67645
KTV86TLP0DU,Hector,pretium.et@icloud.edu,636274
OXD58IQK2WV,Adam,porttitor@protonmail.org,49890
MXF72IKE5RW,August,ultrices.posuere.cubilia@hotmail.ca,693776
FBA28EKI5HZ,Serena,ullamcorper.eu.euismod@protonmail.couk,3741
YHH61TGL6DR,Clementine,pharetra@protonmail.couk,8494
KMW77OBK7WK,Jemima,tristique@hotmail.edu,6882
SCX28IIV1HH,Kiara,consectetuer.adipiscing@outlook.net,6661
UKU68JRM1MR,Kirk,lobortis@protonmail.net,35255
HLD58BTR8GL,Eagan,ornare.lectus@aol.edu,6051 ED
BOK49WLZ5XR,Mark,eleifend@outlook.ca,51493-75446
OSQ59GJN2HB,Gloria,cras@yahoo.edu,74256
HJA29YFY8PR,Kaye,augue@icloud.com,P6 6GN
NTK28HBM7CX,Dalton,aenean.eget@icloud.ca,696487
TMR70ETS2GW,Meghan,ipsum@protonmail.net,6542
GUL32YQW5KT,Driscoll,porttitor@google.org,614514
SUB16JXZ7PY,Harriet,at@outlook.couk,S6M 2L6
GUU20OWH3MC,Yeo,ut.pellentesque@google.com,6686
STY67XIK8HJ,Penelope,in.lobortis@outlook.ca,8333
SLP44IDH6UU,Madison,vitae@aol.ca,11746
WNW55BCE7DO,Ava,felis.nulla@hotmail.couk,636157
BBR24MSG1AO,Lara,nunc@icloud.ca,572732
LDD03SHR7RM,Nash,imperdiet.nec@hotmail.com,821112
QGY54DWS6IR,Cally,ornare.tortor@icloud.edu,9415
ZXF32SQD2XV,Leonard,aliquam.erat.volutpat@aol.edu,3596-1033
JYD63FDH6KD,Lamar,faucibus.orci@icloud.com,5625
YHQ08XHC6DN,Althea,maecenas.ornare@yahoo.couk,54497
NUF31NBD4UA,Tate,elit.pretium@hotmail.net,24005
JMJ86XZE1DH,Jael,dolor.sit@icloud.com,28364
BOF20COR5JH,Ciara,turpis@hotmail.net,81246-62233
SEK28VCD7EU,Kenyon,justo.faucibus@outlook.edu,Y43 2RI
LHK44DFQ4BN,Micah,pede.suspendisse@hotmail.edu,321175
NMG54IHK5JV,Lee,ultrices.posuere.cubilia@icloud.ca,627173
BYN34PYQ7XV,Cameron,euismod.et@google.ca,61218
VAO60YAX9VL,Regina,gravida.molestie.arcu@hotmail.org,366463
UMG81MXG6TI,Avram,praesent@outlook.couk,301574
IFI66QNV7EG,Garrison,nam.tempor.diam@yahoo.net,20919
UVG15MSV2DX,Hedwig,pede.nonummy@protonmail.edu,4830
MPX39IXC3IO,Sydney,nonummy.ultricies@icloud.edu,1670
CMM82BET5MI,Nichole,ipsum.suspendisse.non@aol.com,62-46
ECT76CCP7JM,Gemma,lorem.luctus@google.couk,327657
CRS13LTQ7QU,Hilary,vitae@icloud.com,54228
DCJ23VWI9QK,Olivia,cras.interdum.nunc@yahoo.net,865631
YTI94QIH9QG,Dora,nam.interdum@aol.com,18712
FIN75OIM3CH,Naomi,lorem.vehicula@google.net,39315726
SLQ39RFP4BQ,Natalie,a.arcu@hotmail.com,6746-7474
YBE22MJL6JM,Amal,quis.diam@hotmail.couk,82536
OTJ46CTU5DS,Cody,sed.pharetra@hotmail.net,62192-458
VBV71ENV5FQ,Sonya,sapien.nunc.pulvinar@aol.edu,435636
MQW62HIH6KD,Hedley,tempor.arcu@google.ca,82782
OVO13QBH9PK,Bert,donec.at@hotmail.org,75252-33958
PTK25WXJ2EY,Wynne,feugiat@protonmail.ca,U3D 2DT
QVB25YAE7ED,Darius,eu@google.couk,7154
NOC58NCS9SK,Halee,lectus.a@protonmail.com,73511
DJW34QXH6CU,Francis,blandit.enim@yahoo.edu,12496
ZXE15SCG9NI,Basil,nec@yahoo.com,35186464
NDL98NJB4JC,Wynter,ut@icloud.net,423
UAD34TES3DP,Brody,egestas@outlook.edu,R3W 1T3
IGI46BTA0JK,Maxwell,proin.sed.turpis@protonmail.ca,212036
MMD00XWT4KV,Yuli,erat.neque@hotmail.ca,77293-35988
HJN66VCH6WD,Serena,lorem@yahoo.net,8061-8114
GJU83KCB7NJ,Tashya,egestas.ligula@outlook.com,3529
DVX75OOQ9BI,Meghan,class.aptent@protonmail.ca,1319
VSN72HOO7XY,Mannix,diam.duis@google.org,4878
UIE71USM2KI,Octavia,aenean.gravida.nunc@google.couk,2813
SXF71ODY1AJ,Anne,dolor.dapibus.gravida@protonmail.edu,133144
GTU21UDS4XJ,Desiree,egestas@aol.org,31834
FXB65SYF4HG,Fredericka,feugiat@icloud.net,7666
SUP73YWM7CL,Lesley,ipsum.primis@aol.edu,68564-41845
YMQ75QSB4GI,MacKensie,lobortis.tellus.justo@icloud.org,244371
NUA42VCX3HJ,Jerry,erat.etiam@outlook.com,34188
WEW85EBV1GE,Indigo,at.auctor.ullamcorper@protonmail.org,635851
ZKP24VKR1VO,Teegan,donec.non@icloud.ca,7387
ILC77PPO6ZP,Tara,lacus.quisque.purus@yahoo.org,58-413
LYM43GXV5BQ,Armando,dui.fusce@hotmail.edu,R5V 9T1
NEN48HVR7VA,Logan,mattis.semper.dui@aol.ca,4173
LTD26BNN3TH,Declan,natoque.penatibus@yahoo.ca,276646
XXQ76DBM0MZ,Jeanette,vel.arcu@outlook.org,28481
XCD62PYC7UM,Damon,vivamus@hotmail.org,2653
OVT30ZSD7KK,Yeo,quisque.varius.nam@google.edu,18835
KIL13UXQ7JB,Stone,rhoncus@icloud.net,61713
DJN04ABR7XH,Jordan,arcu.morbi@google.net,18-329
QRR45NVR3HR,Megan,amet.metus.aliquam@icloud.com,6847
ZFT43XLN1QG,Pearl,auctor.vitae@google.edu,648486
HBL23SCI6HH,Iola,sed.pede.nec@yahoo.net,242411
OOV73TMH8EP,Christian,dignissim.pharetra@protonmail.org,6944
OUK19BKI8NL,Illana,sit.amet@yahoo.ca,18481
ALX41GWU3AY,Hamilton,nisi.mauris@outlook.couk,825297
BNR71YVQ5HM,Bruce,et@icloud.net,758107
XLE69CJN2ZK,Hannah,dui.semper@outlook.org,944426
QLM51UDG1FV,Ann,diam@hotmail.edu,36825
GBH56IKJ4GE,Shelly,nam.nulla@google.couk,58-467
UED71CMS5QW,May,nec.quam@outlook.couk,42757
YFB29SNW2BY,Uriah,purus@aol.ca,217612
XNL34LUQ6EP,Courtney,lobortis.mauris@google.net,4164
JEF24JUY6TT,Bianca,erat.vel@google.ca,177995
LSG68OZD8BU,Theodore,ultrices.posuere.cubilia@hotmail.com,148114
ERB35MAD7SB,Bert,et@icloud.com,84274
WKR64EAE5XD,Kareem,metus@yahoo.net,623338
ECT35YRT8DP,Hashim,vestibulum.massa@yahoo.edu,59-87
DDX67BNY2YM,Blaze,magna.malesuada@aol.ca,36-473
PTO16EDK7EO,Donna,luctus.et.ultrices@yahoo.ca,Y7V 1K1
PRS03SET4OI,Olga,tellus@yahoo.org,73427-35693
RGX49HBR7MW,Wendy,risus@icloud.com,563174
TFQ80RUK6QK,Kristen,vestibulum.ut.eros@outlook.ca,4469
QTQ34OQQ3HN,Bertha,tincidunt.aliquam@protonmail.couk,71-49
CWR45ROJ2HP,Amber,phasellus@icloud.edu,27978
LNX45MUG1HF,Brady,cubilia.curae.donec@protonmail.couk,31302
NGL53DKY9PJ,Gavin,vel.turpis@google.ca,D53 5OP
MBO10DKU3EI,Theodore,auctor.velit@outlook.org,2821
HPX44FJT6WD,Yuri,risus@icloud.edu,8242
HCR04SZQ6CG,Dominique,ultrices.posuere@hotmail.net,255978
UYA55XOT7PX,Meredith,integer.mollis.integer@protonmail.ca,88324
SLW54SVX4DS,Pandora,dui.in@protonmail.org,65841
WYF62HKU1TS,Ali,molestie@icloud.org,U5X 5R0
TAQ53XIM9GC,Griffin,euismod.et@outlook.net,11831
ITE40ZNH3CS,Felicia,pede@outlook.edu,5858
UOE85SAP6IX,Amy,natoque.penatibus@aol.edu,18235
RFO77FEM7PP,Tyler,cras@icloud.org,653145
JPY57YFH2YW,Neil,justo.nec@outlook.couk,40202
OIX20FBU3OV,Timothy,aenean@google.edu,8372
JOC42VMK7RI,Vivian,nisi.aenean.eget@aol.couk,308518
LUD64NBC5BV,Melissa,dapibus@google.com,05-127
LEY62RPJ2VZ,Kennedy,ante.bibendum.ullamcorper@protonmail.com,38714
MJS27DRG3TQ,Vivien,ipsum.phasellus@aol.net,24754
WGI78OHM6GB,Ian,auctor@hotmail.com,728893
EMX78PZU2OY,Melyssa,tempor.augue@protonmail.edu,14337
WHK84CDU1OL,Aline,ullamcorper.eu@icloud.ca,98-24
XQS13BVR6MP,Avram,vivamus.sit.amet@google.com,3394-7208
XYO45EVL8YB,Mia,neque.sed.dictum@protonmail.org,622286
WQU78TIP6ON,Juliet,porttitor.tellus@icloud.net,6770
OID18ZCD8YV,Jerome,egestas.duis@icloud.edu,531456
HQN15EJI0FF,Ali,dui.fusce@icloud.ca,37-239
AKR25HQI1NM,Matthew,lobortis.nisi@google.com,744544
ONQ13TKA3DY,Abdul,vitae.mauris.sit@hotmail.com,74-552
XYM38UVL6HS,Scarlett,non@aol.edu,1466
BQY97JRD1CV,Hilel,cras.vehicula.aliquet@yahoo.com,84411
XSK12TEH1DG,Vaughan,curabitur.egestas@hotmail.ca,51704
ZSG11VIH3JD,Elijah,aliquam.erat.volutpat@aol.net,74837
JCX46QPP1QI,Henry,dolor.nonummy@outlook.couk,68369
QQE75QXF1XS,Maisie,ornare.placerat.orci@outlook.edu,82080-57055
XCJ95VZF8VR,Neve,et.euismod@aol.ca,3530
NKO74WWF7FX,Roary,scelerisque.lorem.ipsum@hotmail.org,8476
JPD80RPD6TG,Amber,sed.hendrerit@google.edu,3925
BIG67YWR5UQ,Karleigh,tempor.augue@icloud.net,67X 9V8
TIP86PVQ2RE,Keegan,nullam@protonmail.net,24719-571
LIA66XZE7MT,Ori,sed.leo@aol.edu,93443
CKR42OJJ1LI,Jillian,eu.neque@protonmail.net,32514
GHO76VDX5CL,Clio,varius.et.euismod@google.net,0393-8941
ILL31RHO9EW,Katell,convallis@icloud.com,9834
DKR13ICV4NV,Ingrid,maecenas.malesuada@icloud.net,30817
TUB33OXX7FY,Charity,non.nisi@outlook.com,24-79
CBP52ZNK9GN,Ayanna,nisl.maecenas@aol.com,46921
QGE06VYW4HU,Kyra,quam.dignissim@google.net,21446
RQN55WLP3WP,Hedy,ipsum@protonmail.org,4006
PKQ44GLB3PM,Drew,dictum.ultricies@protonmail.couk,207116
VQT54NRW8VM,Farrah,duis.sit@yahoo.org,36989
NRY50URY4PL,Kieran,dolor.nonummy.ac@aol.edu,398689
SGR95IOL6VK,Nelle,lorem@icloud.com,537347
LBW36OPN6UE,Carson,feugiat.placerat@google.net,25574
EGR54VKR1JR,Aphrodite,at.nisi@google.net,9104
EYO56DEJ0IA,Dillon,tristique.ac.eleifend@google.com,46301
FRL89YKE2JI,Ayanna,interdum.libero@hotmail.org,4711-8764
MJD61AEB1SJ,Kane,auctor.mauris@outlook.edu,45716
GMO14MEI6VI,Ferris,lorem.sit@hotmail.ca,51871-689
OAY21SZN7SO,Leroy,id.risus@hotmail.couk,234420
ZUJ31ZJD0EH,Xavier,ac.mattis.ornare@outlook.org,4419
OPG11CQI8GY,Alyssa,consequat@protonmail.edu,CS5C 4EG
QBI72WYL1JE,Lillith,magna.malesuada@outlook.org,66415
BKU97IEA8ZF,Brennan,cubilia.curae@aol.net,334658
BPR99XRQ8KL,Hyatt,donec@yahoo.edu,178467
SGV58SIO6GR,Stephen,malesuada.fames@aol.net,46581
EKO32EAM8DY,Branden,pede.ultrices@google.edu,55-27
EJG28CUW6KK,Chantale,nascetur.ridiculus@google.ca,3867
FBD43GEL5IK,Emerald,egestas@outlook.org,4691
UYJ46JSL7QF,Nevada,a.ultricies@outlook.ca,3912
ANE17YDK6OX,Jackson,arcu.curabitur@google.net,76717
FEK81QLF5WY,Oscar,lacus.quisque@protonmail.couk,845829
OWI63WIM3NL,Regan,vulputate.lacus@protonmail.com,43462
BDR84AOX3SH,Irene,semper@outlook.com,8682
DET96IXR7CA,Kiona,tortor@hotmail.edu,Y61 9SG
PYS48WVR1PU,Karen,eu@aol.ca,T8R 7K8
DPC89WEQ8GW,Athena,quis@google.com,TH5T 9QS
HIT52PKX2TX,Armand,nec@protonmail.org,397428
WAV22EJZ3LU,Ross,elit.fermentum@protonmail.edu,2418
GCK71FZU9NN,Ruby,pede.et@aol.edu,5167
HOQ07URD4DR,August,ut.eros@icloud.edu,6358-3294
YIB33VXR2PW,Lenore,pretium.neque@yahoo.edu,242689
RDQ56UDJ1JO,Briar,ligula@yahoo.ca,P8S 5M2
IOQ67YFZ5EX,Kato,proin.dolor@aol.net,57-767
RKJ45MPA1ZD,Shana,quis.arcu@hotmail.ca,6406
DGA85ZNB2EW,Nina,duis.cursus@protonmail.edu,84632
JQD84ZQI7NF,Alexander,cum.sociis.natoque@icloud.com,76782-963
MRN81MBE0CK,Audra,nulla.integer.vulputate@outlook.net,458375
CJC36ECY2XE,Garrison,aliquet@google.org,2126
XJY37KPO2HW,Zeph,massa@icloud.edu,22521
LSJ06RZS4YH,Dara,cras@google.net,346975
IKW68NDC2NG,Stone,vitae.erat.vel@yahoo.couk,2882
JWG78VPF9ID,Hope,libero.at.auctor@yahoo.org,69245
OEB28KNV6PQ,Lawrence,cras@aol.org,676631
HWV67WKR1IV,Felix,donec.consectetuer.mauris@outlook.edu,B3E 2C6
DPB86IQS7BD,Justina,ac.mi.eleifend@aol.ca,H6K 5T5
ABM23USJ1TS,Gary,dolor.tempus.non@icloud.com,714059
JBY33OEK7AM,Leah,duis.dignissim@google.com,4153-9787
DFM24KGM2NA,Victor,diam@outlook.net,77364
XQX68TJT5OD,Yvette,porttitor.eros.nec@yahoo.com,67554
MEQ83NXB0XG,Maia,feugiat.sed@aol.ca,95721-662
VRV70OJR3RS,Dora,convallis.est@aol.couk,33266
YZU95LNR9QY,Gwendolyn,eu.lacus.quisque@yahoo.net,8415
EQX80NOF2BX,Grace,felis@protonmail.org,5677-5807
SCR57ZOC4ZZ,Vernon,volutpat@aol.couk,16167-911
AWB43VEC4RR,Hadassah,euismod.mauris@outlook.ca,50512
NON60CUX5PS,Madaline,sagittis.felis@yahoo.org,8457
RGM17WHT6UH,Shelby,etiam.gravida@yahoo.edu,27229
GXJ10FHE8AK,Wade,parturient.montes@protonmail.ca,370867
PSN67ECS6JK,Slade,amet.luctus.vulputate@hotmail.couk,558311
DZJ16XZD0EQ,Kellie,sapien.imperdiet@google.org,0188-2627
MKX22BOH8YD,Damon,morbi.neque@hotmail.com,81-44
NNQ42UXJ8JS,Brendan,ultrices@protonmail.couk,50200
PXV53WZM8CE,MacKensie,orci.luctus@aol.couk,50114
WGV60GPS2PP,Ethan,ullamcorper@outlook.couk,33192
OPQ43YQU6CS,Venus,massa.lobortis@protonmail.net,35256
XWJ57CQO9MB,Kelsie,nullam.vitae.diam@google.com,15487
XOV03BTY4QB,Eric,ligula@outlook.com,54T 6V1
VRP28PXP5XO,Gary,sit.amet@protonmail.ca,15723
IQQ11CCP1ED,Iola,eu.eleifend.nec@protonmail.org,365496
MUV73LVI3LM,Zelda,ornare.in@aol.net,9484
VJD46PME7ZI,Kameko,amet.faucibus@outlook.com,4455
PEE85OCU5HS,Dorian,ullamcorper.velit@hotmail.couk,302629
URR83PQB9QT,Quon,vestibulum.ante.ipsum@protonmail.com,786451
PCB13QXQ8PK,Tarik,lectus.nullam@google.com,32898
RVK87GZP9JE,Damian,non.vestibulum.nec@yahoo.ca,625638
PJF03LOP5IX,Asher,aliquam.eu@google.org,7206
YOD16BKB5JY,Jin,facilisis.eget@outlook.org,1779 DZ
YMP74TSW3LG,Finn,amet@hotmail.com,92269
KMX58BAX1VX,Cathleen,quisque.tincidunt@google.couk,884137
KAE96XZE3FT,Patrick,ante.ipsum@aol.com,94354
BIO32SYI5YX,Chantale,dictum@protonmail.net,63-86
XLD24THY8TB,Gareth,est.ac@icloud.org,47212
JMN49CUW3UD,Raja,dolor.tempus@protonmail.ca,3819
MFU78QKH5CC,Kim,eget@yahoo.ca,183145
MHF05SME9NP,Nevada,egestas.hendrerit@aol.edu,7015-3426
WKB23SGD6HV,Anastasia,dolor.sit@protonmail.com,70283
IOP41HQX3RM,Shay,tincidunt@aol.net,1528 PU
ACP43NNB4YZ,Aimee,mauris.sagittis@aol.edu,51507
KPX81EYE6WF,Riley,amet@icloud.org,246676
PDQ25PAK2US,Charles,dolor@google.couk,89-18
DPT85MDX4GL,Tamara,magna.tellus@hotmail.ca,777772
NTV75GXG6UX,Xenos,at.nisi@aol.net,39157
FLU36JBG1WD,Aimee,sem@icloud.ca,6581
PKV32THL1YN,Plato,in.ornare@hotmail.com,851004
RPS37KQJ0OT,Ciara,et.euismod@yahoo.ca,78446
KSH56RGL4VL,Buckminster,hendrerit@yahoo.couk,9314
BKC17YMW8MB,Curran,etiam.laoreet.libero@yahoo.net,29856
QEV17XWW8BQ,Lunea,dignissim.tempor@hotmail.net,71374
DXB27GKL7VC,Drew,elit.pretium.et@icloud.com,O9I 8HE
RML97LGU7TW,George,faucibus.leo@aol.net,31694
QPD30BFT6HP,Lacy,turpis.egestas@icloud.org,2815-9558
JKW48LWD7DG,Maya,ornare.elit@outlook.com,24138
VJY17FBB9GV,Zahir,sit@outlook.net,243118
CMW28UPF5WQ,Peter,justo.proin@protonmail.com,21308
YSW13HST6BM,Kathleen,fringilla.est@google.edu,424755
VIY54WBI5SN,Warren,faucibus.lectus@google.net,42815-97461
VIS78WMT7WN,Daquan,mi.aliquam.gravida@icloud.ca,V2X 6V4
KYB53FMQ3OX,Cailin,quam@hotmail.net,12679-65682
VRJ87XQK7XS,Malachi,vulputate.dui@aol.ca,226372
DZR40ROT6AS,Kalia,lectus@outlook.ca,8145
CVT01OGT5NE,Nicholas,vel@yahoo.couk,38860
GNQ11GKY4IX,Robert,enim@aol.couk,S6E 4P5
RVH76MEI5QF,Quinn,lectus.a@yahoo.edu,26164
JZL17VJQ7HI,Caleb,nisl.sem@google.ca,440588
MGE02UBW1RU,Grace,pharetra.quisque.ac@icloud.com,836626
RWG51QIL5QL,Colorado,fusce.aliquet@outlook.org,3475
DPS39DFF7NI,Shannon,tempus.risus@yahoo.couk,16038
FDU56OZP6IA,Portia,faucibus.morbi@hotmail.couk,46461-55863
VVJ68RRI6LZ,Hayes,vel.turpis.aliquam@yahoo.edu,29407-40717
NFA27GTY5XT,Herman,ipsum.primis@icloud.com,840429
OCE59WUD7QY,Price,fusce.fermentum@aol.edu,18122
OGU17USD0MD,Irene,adipiscing@yahoo.ca,3212
EWW31CKD1UI,Dylan,libero@outlook.ca,53447-517
ILY24YHI5DE,Rina,fusce@protonmail.edu,638857
OTK50EBL5SR,Kerry,eu@google.ca,69548
KKE78ERB9ZK,Sonya,euismod.in@protonmail.couk,867836
TXS83AXS8JE,Elton,molestie@icloud.com,886785
FVE01PEZ1HW,Alma,pellentesque.tincidunt.tempus@aol.net,9198
QNY23PDJ7PK,Harrison,sed.consequat.auctor@icloud.org,22558
OPK87LSZ4AR,Alfreda,metus.urna@google.net,68473
RTZ21DTR4RX,Lael,velit.quisque@hotmail.ca,81428
HHE74VYQ3YW,Howard,sed.dui@yahoo.net,558803
SKI53LSB5GK,Logan,sed.tortor.integer@protonmail.com,4196-5237
HBR11XRL3HC,Charles,nibh.enim@yahoo.com,399643
NRP83KYV9XL,Dolan,libero.proin@aol.edu,138170
SIG36JYX4DS,Violet,non@hotmail.ca,22745
HUP83PYE0VU,Hoyt,tortor.nunc@hotmail.couk,45835
RUI74FEV3XE,Kasimir,donec.nibh@aol.org,11918
EXF56BJI7HF,Vladimir,nulla.integer@aol.com,53706
AVH75ZRU5BP,Finn,integer@icloud.ca,8435
ESG61SQI3XT,Rajah,aliquam.auctor.velit@protonmail.edu,50215
VOH63MYR1BD,Evangeline,consectetuer.adipiscing@yahoo.edu,20775
VTB22WZV8BH,Lillian,eget.metus@outlook.net,24361
XEC92YQC6PK,Ria,scelerisque@google.com,4056
JXC28XAK2RW,Fulton,ante@outlook.ca,7551
PBA54XCF3BV,Drew,vel.arcu@yahoo.ca,71186
CIJ16WIX9LT,Gage,sodales@protonmail.net,615424
WHN55JTJ8VP,Debra,primis.in@yahoo.couk,2811
WBM05NUU3NZ,Irma,nunc.quis@aol.couk,276594
XVL16ORW6DD,Kirestin,neque@yahoo.org,47651
YOD62YIO2SG,Melinda,odio.nam@outlook.couk,330172
DTG04RHP4BS,Dante,sapien@yahoo.edu,27-54
OEC62BER2MA,Yael,ut.cursus.luctus@yahoo.couk,31-928
ZRO40SFR3RL,Lane,est.tempor@hotmail.edu,H6P 4Y4
PAI66CGW3QQ,Solomon,quam@hotmail.com,14191
CMP45ORD7CQ,Constance,dolor.elit@hotmail.couk,1316
LIB37JTE4LW,Guinevere,ut.tincidunt.vehicula@aol.com,46-18
OVB75DWS0XJ,Elijah,nam@outlook.org,416725
VWC55FCI9UM,Anjolie,arcu@icloud.edu,5508
QQU37YRO1SX,Mallory,neque@hotmail.com,61-177
LIU53PWY2QK,Kimberley,sem.elit@icloud.edu,1828
EMR85LCM3OL,Zephania,justo.proin@google.ca,591706
USV53WXA3BT,Cora,arcu.nunc@yahoo.net,4974-2250
WOC20TFL2LR,Felicia,a.neque@google.edu,11756
IEJ90WUM9YJ,Chandler,lobortis.quis@google.couk,336776
PWQ90TMI7DY,Tarik,tellus.eu@google.com,8747-7045
SME18DYG4TV,Octavius,duis.gravida.praesent@icloud.com,228929
PEM36MBX2LJ,Eric,elit@icloud.couk,J1 9ER
KQB11MHB5FS,Shellie,cras.vulputate@protonmail.ca,238947
NVV27IMA6SD,Mariam,elit@yahoo.edu,4159
UIG42SFN8OY,Hadassah,nunc@outlook.net,46031
LPV32EJU9GF,Ira,facilisis.magna@aol.org,54615
AYV04HVD6WU,Tanisha,nec.tellus@icloud.couk,18162
KPX58IXW1NV,Anne,tempor@icloud.edu,9538
LMD07LJZ4MY,Maite,proin.nisl@protonmail.ca,7454
CVF60OCD3VC,Sophia,hendrerit@google.ca,45-336
OQB93KMA5NW,Quyn,scelerisque.dui@hotmail.couk,32331
IXH37HPY4IO,Carter,sed.congue@protonmail.net,27-566
ATY12JBY8HV,Andrew,integer@icloud.net,311479
RJE74QBT1RS,Merrill,et.nunc@hotmail.couk,7682
HCC16XFD3GO,May,nisl.maecenas@aol.com,31223
GTE17FVN6RH,Clementine,nec.malesuada.ut@icloud.ca,16937
NQO84LYM7QV,Adele,mi.aliquam@google.org,45132
WUP64JSR7TW,Garth,pharetra.ut.pharetra@yahoo.org,3793-6891
IDV17VPP4RT,Blaze,purus.gravida.sagittis@yahoo.ca,2104
MPY35BMO6RN,Lysandra,magna.sed@aol.net,8111
FYY17OAZ6QO,Kamal,risus.donec@google.couk,9836
VXO41TOT4ML,Alyssa,in.dolor@protonmail.org,866526
SSP41HJM3DN,Kenneth,dui@yahoo.ca,532
OIN36CBB6VG,Ina,ante.vivamus@icloud.net,224894
UJU12WEP1SX,Odessa,arcu.vel.quam@protonmail.org,26-439
WEZ33JHU2SP,Jordan,magna.malesuada@hotmail.edu,88212
DEV63FVN5FJ,Lev,sagittis@yahoo.com,12802
EAU65OII1SK,Kareem,elit.pellentesque.a@protonmail.ca,72560
WHE11USW1VY,Iona,adipiscing.lacus@aol.edu,463348
NFY65AME1TS,Tara,sagittis.augue.eu@outlook.net,350519
VPV34DLP7OY,Jocelyn,molestie.arcu.sed@hotmail.com,58052
GOB77CQL6EK,Adrian,aliquam.erat@aol.edu,54888-02729
CNV51BTC1HI,Lane,tincidunt.orci@google.couk,Q3M 5E2
UVZ73HTG8IQ,Leigh,nam.porttitor.scelerisque@outlook.org,2435 XH
WBF13QDL6PQ,Dorian,accumsan.neque@outlook.ca,21987
RPU45WTE5QJ,Serena,fringilla.cursus@icloud.ca,N46 7RM
DYK30RLO1RC,Brittany,ac.urna@outlook.ca,15681
BVG36MMU9HX,Piper,parturient.montes.nascetur@aol.edu,644275
BEM25NRD4BF,Xander,sociis@yahoo.com,595497
BKL15NGS3PL,Ginger,nunc.ac@hotmail.org,6917
RWK73VOF6DY,Grant,tempus.non@yahoo.net,451145
YNL47WZF3HH,Colleen,ligula@yahoo.com,434513
QNG79XIY0PG,Stacy,commodo@protonmail.org,C6K 4J6
JDY65FQB8BN,Barclay,tellus.aenean@protonmail.couk,927
FTE90ROW5BJ,Alexander,suspendisse.aliquet@icloud.com,18863-773
JDX75MMS7TH,Jerry,nulla.dignissim@yahoo.com,3277
BBE37YOU5FS,Quinn,dolor.elit.pellentesque@icloud.edu,186982
QMC58RTC2RT,TaShya,lacus.ut@google.org,H8J 5N5
JYA53EHF6SO,Alvin,quam@outlook.org,g0N 7B0
ECO31OEL2YP,Sophia,metus.in@yahoo.edu,94574
UMF26KYM6BK,Jordan,sem.molestie@icloud.org,37053
NCO79KIO2VY,Howard,ultricies@hotmail.edu,544368
QGK27SYK1SW,Candice,vestibulum@yahoo.couk,16790
OYC39VAO2VO,Lynn,dui@google.couk,16374-437
RTX24ESG5II,Kyra,purus.maecenas.libero@protonmail.org,665715
OCE11DUB2KJ,Neville,sit.amet.metus@icloud.edu,252923
QIS95HFG6ND,Damon,nonummy.ac@outlook.couk,12267
IEC68NUB6KM,Tiger,eu.arcu.morbi@icloud.edu,80643
EWO27BHW5WU,Montana,a.auctor@google.edu,137224
YXJ83NTA0ED,Ori,ac.facilisis@aol.net,51867
CRO05ECT5CP,Adara,dolor.nulla@icloud.ca,28930
SGN95FJL7UF,Deirdre,nisi.sem.semper@outlook.couk,958155
GCV39HZK1UL,Grace,ipsum.ac@aol.couk,75683
SMR34OSJ2WN,Alea,nunc@protonmail.com,26766
JEN37VMU6IB,Yoko,sed.malesuada.augue@google.org,835286
CSW72KAI4XW,Sonya,cras.dolor@outlook.org,141087
TMC69MIX6HB,Barry,nec.enim.nunc@aol.org,6897
ERI74HZK3HK,Barry,nullam.feugiat@protonmail.org,4569
LBJ01FRV3GC,Rowan,risus.odio.auctor@aol.net,156967
VWR16RKT0UD,Nichole,vivamus.rhoncus@hotmail.couk,6286
GYJ14JLD0VP,Rhea,at.pretium@aol.net,8661-4973
MDJ62MCX2KK,Naida,egestas.rhoncus@icloud.edu,203411
WVB88TKZ5WF,Uriah,sapien.cras@hotmail.couk,58846
MSL51KVQ3TB,Axel,lacinia.mattis@outlook.couk,61159
EKR87MPW4WE,Jarrod,eget.laoreet@google.net,323133
CZY84DWJ3KF,Sebastian,tincidunt.pede.ac@aol.edu,O1H 5H1
JEV76TDV6TD,Vernon,sollicitudin.orci@aol.org,0242 BX
BHP80DTH5QY,Kyla,at.auctor.ullamcorper@protonmail.edu,15373
QUQ76MDK5OL,Alden,senectus.et.netus@outlook.org,39749
HBS85FKS7KY,Ralph,adipiscing.fringilla@aol.edu,77622
RCR55IQK6GS,Carly,auctor.mauris@hotmail.com,5568
OXM82XTZ7WP,Calvin,arcu@hotmail.org,64767
VZY99WZP4GU,Malcolm,vestibulum.lorem@icloud.ca,61451
NAH40SPS6FW,Ulysses,est@outlook.net,9877 IE
QGJ12JCR1PK,Brynne,magna.a@google.edu,50202
GDW04SPL7CS,Cherokee,morbi@icloud.edu,9866-5264
JXH86QSK0JS,Allegra,nunc@outlook.org,27516
IFQ17BEC6ZF,Geraldine,facilisis@hotmail.ca,6666
RKH53IHL1FW,Levi,in.tempus@google.org,E8B 8GN
OFJ22FVP3YW,Norman,suspendisse@hotmail.net,5739-4801
TBI35OVH9CV,Haley,vel.vulputate@protonmail.edu,5325
TFX25FVP6RT,Samson,eu.augue@aol.org,12763
YBB44LVB4EG,Orlando,ultrices.a@yahoo.org,59565
VWU17SNL3UD,Ivor,nunc.quis@hotmail.net,65652-259
FNP53MCQ5QE,Ryan,phasellus@icloud.ca,7624
IPO96VQF5HJ,Ainsley,nunc.quisque@protonmail.couk,16627
NIH70ESY4DD,Oren,quisque.fringilla@protonmail.com,147849
VGJ21RKA2UE,Kennedy,aliquet.vel.vulputate@icloud.couk,248755
VOW47QWM6BZ,Riley,mauris.integer@icloud.org,8405 BO
OMX31TNH0IE,Sopoline,euismod.est.arcu@google.net,177447
HMJ68DXU6RX,Nadine,nunc.mauris@icloud.couk,16453
HXE53PUK1GT,John,placerat.cras@yahoo.edu,9373
LIS40URK5JI,Arsenio,pede@protonmail.couk,84931
CBQ61GEI9CT,Edan,posuere.enim@outlook.com,5548 GR
TUI55EKL3OZ,Elliott,sem@outlook.edu,12925
CCT85VAQ9HC,Blake,ligula.nullam@yahoo.couk,73-587
OQT81AOX3ZP,Sandra,enim.consequat.purus@outlook.couk,612715
FXY18GLB8DT,Noble,magna.ut.tincidunt@protonmail.edu,5776
WEP91BRB0JU,Willow,orci.tincidunt@yahoo.edu,368560
OXE15PJP3BX,Jonas,non.egestas@outlook.couk,465765
VUX55XZE9IN,Faith,lectus@google.net,947748
QJB10RYG2FY,Keegan,nunc@google.org,428181
IVH61XFL0NZ,Cynthia,urna.convallis@outlook.edu,54657
CWX54CXJ4EL,Wynter,consectetuer.adipiscing.elit@yahoo.net,9374
HXD83NJF3MD,Carl,nulla.tincidunt.neque@protonmail.com,54115
FCY57TND8JN,Tara,eu.tellus@outlook.org,4183-6686
GQT82AQR2OI,Maile,adipiscing.elit@icloud.org,43-27
LHL59RDJ6EN,Warren,litora.torquent@hotmail.org,214590
RJQ73CEQ2IC,Nicole,pellentesque.habitant@aol.net,452657
BDI05TFB5RI,Tiger,purus@protonmail.ca,64330
VTI82MUZ9EP,Garrett,imperdiet.nec.leo@yahoo.net,865686
XJS73GLV8CQ,Kevyn,in.scelerisque@google.ca,558655
HOC63MRR9KQ,Fredericka,orci.in@outlook.ca,8619 ZC
LJT23WAW2WP,Ross,pede.nonummy@aol.edu,62-65
BUP39KDE2YB,Cooper,amet.consectetuer.adipiscing@icloud.edu,4626 FW
CGG18NCW6LF,Shaeleigh,eleifend@outlook.couk,1122
UBK33PXF1MY,Lillian,sapien.cras@icloud.ca,679661
RED93MYN1DO,Howard,facilisis@yahoo.couk,5572
QIH92DPE8JE,Demetrius,ornare.sagittis.felis@outlook.edu,881218
JFC47KJA1FO,Sebastian,diam.nunc@outlook.com,156047
TSN81FLO6BT,Astra,at.lacus@hotmail.edu,17-370
DXN46GIX6QH,Tana,sed.malesuada@protonmail.couk,8554 MG
YLG35PUU3KV,Asher,nunc.mauris@outlook.ca,64427-51515
PMQ89SKN8YG,Margaret,tempus.eu@hotmail.com,17163
RUT33LBO6UG,Julie,cursus.nunc@icloud.ca,2650
ICJ06QJY6GA,Ali,mauris.aliquam@hotmail.ca,30154
GHF82ZLQ9XN,Quemby,auctor.ullamcorper@protonmail.couk,JA7Y 6JG
QCX56FQW5FL,Melvin,taciti.sociosqu@yahoo.org,516525
GET25NNE6RS,Axel,eleifend.vitae.erat@icloud.org,8251
UWP12EXS7NW,Cullen,cras.vehicula.aliquet@protonmail.edu,PR94 4FP
GBJ26QJI3KM,Ralph,condimentum.donec@yahoo.com,29389
UCY85DYK6TR,Eaton,egestas.aliquam@google.ca,14227
RIU23PFG9PL,Alan,neque.morbi@outlook.couk,138375
TML40GVT5XQ,Jasper,amet@aol.ca,1788
KBC85IJX4BK,Sybill,ut.semper@protonmail.edu,428012
GQC62WWG5LA,Orli,molestie.orci.tincidunt@google.net,6738
WWU53FKC2SC,Jolene,enim@outlook.org,Y2O 5DK
QWK92VCZ7YF,Burton,ligula@yahoo.com,94825
MNN19QGJ4QH,Jenette,enim.condimentum.eget@aol.edu,C6Q 0AD
JXS13UUY6QG,Hanae,natoque.penatibus.et@outlook.edu,3680
ZBJ10NIV3KA,Jenna,proin@icloud.couk,511650
DTQ43EBT5WR,Lance,eu.eleifend@aol.edu,36698
NEP98PMX1QP,Eaton,commodo.at@aol.edu,74755
HCF80UZQ2EB,Zachery,eu.dolor.egestas@yahoo.couk,3713
JWQ68FLF8PL,Lareina,adipiscing.lacus.ut@protonmail.ca,551146
SOU66LLM8JB,Brennan,non@protonmail.net,673228
JEQ77OMP0OV,Zephr,scelerisque@yahoo.com,5452
QCV77PFX6DZ,Lenore,et.ipsum@google.edu,2855
KYQ77KKT5LM,Jessica,nec.mollis@aol.org,62526
KJP36LUN9UP,Jessica,nibh.sit@protonmail.edu,BQ9D 2YF
HBZ75JLX9DZ,Jack,ultrices.iaculis@google.ca,56-88
QRR44JMB0PB,Miranda,quis.massa@yahoo.couk,61765
WNG87GSU1TK,Adele,nibh.phasellus@icloud.com,2202
LNK68IRI3UB,Zeph,ac@outlook.net,6239
LJT67VXB4PS,Aurora,sit@yahoo.edu,2865
YLE83RNF2BI,Thane,lobortis.quis@icloud.couk,40574
CMM96JLN4AH,Driscoll,donec@outlook.ca,G6V 2A7
EJJ45XWH0JI,Raja,nullam.enim.sed@icloud.edu,64838
CNP70YKR7KC,Catherine,cursus@google.com,79201
EXN65QHV0SF,Zahir,lobortis.ultrices@google.couk,6193
CIN92VAO4AE,Clare,ultrices.vivamus.rhoncus@hotmail.couk,8194
GXW83YGT2BU,Hamilton,et@icloud.net,5867
KXF24VSH1US,Miranda,dignissim.pharetra.nam@icloud.ca,91084
VJX37QYG2JE,Rajah,a@hotmail.org,24331
SVE55GPC4CS,Madonna,amet.consectetuer@protonmail.edu,37244
BVM76LPK9XN,Marny,arcu.ac@protonmail.com,38956
XTJ23AFR7IL,Timothy,maecenas.mi.felis@icloud.ca,22780
FNL13IOC6HI,Dorothy,pharetra@outlook.org,19835
MTI33YWB6QN,Pearl,leo@yahoo.com,17515
JKP50HYP1IQ,Jason,a.enim@protonmail.com,467285
JRL31BVV6CW,Isadora,quisque@protonmail.edu,62861-886
PEX00ENL7GH,Nash,eu.odio.tristique@icloud.edu,55499
LAU38QRS7HH,Malachi,mollis.dui@hotmail.com,4054
KXV73SZJ5ES,Eliana,dictum.eu.eleifend@outlook.org,618845
VWL23ECM5RH,Dean,ante.dictum@yahoo.net,3838
JWJ69UHQ6IT,Lydia,justo.sit@icloud.ca,73887
YGE00KUQ3NB,Hashim,rutrum.magna@outlook.com,85-33
WVN98DPU0VR,Fulton,congue.turpis@aol.org,85311
MPU76MGC6RR,Iona,ipsum.nunc.id@aol.com,8604
TEB09DSZ8TX,Carolyn,nulla.aliquet@icloud.org,4268
EAG98SXK6BP,Pamela,aliquam@outlook.ca,623259
BYI21MYJ8TJ,Lesley,faucibus@hotmail.edu,6873
CWK82DID7OH,Evan,mi@protonmail.ca,749381
BOM83BJI1CF,Thomas,nibh.lacinia.orci@aol.couk,2432
CJS36TPP7KD,Thaddeus,sed.malesuada@hotmail.couk,72310
TTT62RSE3HV,Colby,curae.phasellus@outlook.ca,54248
UHJ76KJH2GR,Penelope,at.pretium@hotmail.com,8305
DKI81DHC6MY,Savannah,auctor.velit.eget@yahoo.com,T0S 8T8
QZC39ZEE8FB,Yael,gravida.mauris.ut@icloud.org,462381
JUI21DVI5HV,Carly,nisl.quisque@google.couk,23429
NSQ66ZCK4PL,Sade,non@yahoo.com,RA0 2DM
IDQ43PRO7YQ,Jasmine,aenean.egestas@hotmail.ca,969814
MIK08GTP8EG,Solomon,at@protonmail.ca,456220
UFL63VLF8IM,Timothy,mauris.ut@icloud.com,98370-297
GQU86WOM3CT,Helen,urna.ut.tincidunt@outlook.couk,97474
XPW33HPZ0DT,Leo,nunc@icloud.ca,81-23
JWM58DZL2JL,Wylie,et.malesuada@yahoo.com,73218
EIO80VCN4QP,Octavia,fames.ac.turpis@protonmail.ca,785041
OCU84MVF2VW,Raven,ipsum.dolor@protonmail.org,7685
JTE72WUU3GW,Marsden,praesent.interdum.ligula@icloud.net,1759
AVI37PTZ4YP,Perry,eget.metus@yahoo.com,24242
GWE86TGL8DI,Kalia,penatibus@outlook.com,93193
WJE61HNP7PU,Jarrod,eu.ultrices.sit@icloud.net,626136
DKU73KYC4VQ,Cailin,torquent.per@yahoo.couk,30205
CCL68ATU7WI,Sydnee,commodo.ipsum@google.net,9440
KGD27DTB2HG,Naida,nec.ante.maecenas@icloud.org,50106
DRC72JGS8WN,Ray,eu@aol.net,96967
SEE23LDB8JY,Jamalia,porttitor.tellus@protonmail.net,14255
FKY51PDO8CW,Iris,etiam.bibendum.fermentum@google.net,675086
JME06MGA8OP,Mufutau,arcu.morbi@protonmail.com,79-55
VXX48OJL2FA,Wang,gravida.aliquam.tincidunt@aol.net,458992
KRN31VIW5OP,Ciara,nam.ac.nulla@protonmail.ca,50275-73428
DXL75QNC2VV,Hall,dui.suspendisse.ac@protonmail.edu,5481
CDN13TGQ7QP,Haviva,nibh.donec@aol.couk,55185
OLO42VNV3TS,Brent,varius@icloud.net,29414-43842
ODH89EOL8KF,Hamish,vulputate.dui@google.edu,78801
BNT32FHA2LD,Nina,ligula@outlook.edu,72830
ZDR27DAE6YS,Simon,enim.suspendisse@aol.com,65119
UJQ88HQG6EM,Ciaran,aliquam@outlook.com,3160
EPV16YBS8MJ,Kevin,cras@yahoo.net,8559-4548
CKB61PYG1TF,Sigourney,quam.quis@outlook.net,8029
VJQ56RNH9RT,Eliana,facilisis@outlook.ca,8763
YSQ47FOS3SX,Noelle,nam.interdum@hotmail.org,38146
EQS41EEY9EB,Alvin,ligula.consectetuer@yahoo.net,254082
MHQ37ZCP2IZ,Aidan,montes@hotmail.org,39249
AYC82OZM2YK,Emerson,arcu.sed.eu@yahoo.edu,612197
DMF63COY3JL,Jason,congue.turpis@google.ca,6555
OLK38HVD5ZV,Cadman,vitae.aliquam@hotmail.org,66398
EPA78CWQ7FF,Rhonda,ut@icloud.net,78322
